{"x": [0.0, 0.16666666666666666, 0.3333333333333333, 0.5, 0.6666666666666666, 0.8333333333333334, 1.0], "y": [-324.47319056231623, -324.5564036528115, -325.79125226854416, -338.53687429914766, -331.7189715801014, -336.14672690409935, -342.89114565317533]}