{"x": [0.0, 0.01, 0.02, 0.03, 0.04, 0.05, 0.06, 0.07, 0.08, 0.09, 0.1, 0.11, 0.12, 0.13, 0.14, 0.15, 0.16, 0.17, 0.18, 0.19, 0.2, 0.21, 0.22, 0.23, 0.24, 0.25, 0.26, 0.27, 0.28, 0.29, 0.3, 0.31, 0.32, 0.33, 0.34, 0.35, 0.36, 0.37, 0.38, 0.39, 0.4, 0.41, 0.42, 0.43, 0.44, 0.45, 0.46, 0.47, 0.48, 0.49, 0.5, 0.51, 0.52, 0.53, 0.54, 0.55, 0.56, 0.57, 0.58, 0.59, 0.6, 0.61, 0.62, 0.63, 0.64, 0.65, 0.66, 0.67, 0.68, 0.69, 0.7, 0.71, 0.72, 0.73, 0.74, 0.75, 0.76, 0.77, 0.78, 0.79, 0.8, 0.81, 0.82, 0.83, 0.84, 0.85, 0.86, 0.87, 0.88, 0.89, 0.9, 0.91, 0.92, 0.93, 0.94, 0.95, 0.96, 0.97, 0.98, 0.99, 1.0], "y": [9.601575867556056, 9.633336868383317, 9.66599363047155, 9.697978214548206, 9.729290594301808, 9.759930441178085, 9.789898185048873, 9.819193387394916, 9.847816168702469, 9.875765693627349, 9.903043042903434, 9.929647894660642, 9.955579425837152, 9.980838694021829, 10.005424330735753, 10.029337055176805, 10.05257685220059, 10.075143423621299, 10.09703655392421, 10.118257321782075, 10.13880379952949, 10.15867694109389, 10.177877108613536, 10.196404021705625, 10.214257817472243, 10.231436846219763, 10.247943580978065, 10.26377594846313, 10.27893435987121, 10.293419223382887, 10.307230209493683, 10.320367345390947, 10.332832306128012, 10.344621244904861, 10.355737375064308, 10.366180060755052, 10.375947534549566, 10.385042064218528, 10.393462280626187, 10.401208799029918, 10.408281754284044, 10.414679868261866, 10.420404023962147, 10.425454393582827, 10.429831194428678, 10.43353386814896, 10.436561064261925, 10.43891542657874, 10.440596106723355, 10.441600582660607, 10.436989191564134, 13.641586927344441, 13.64057087798845, 13.638884475674846, 13.636519338906243, 13.63348225780449, 13.629773818660864, 13.625388421117796, 13.620333864952839, 13.614600438757606, 13.608197519940672, 13.601117941320556, 13.593368324256673, 13.584942972466065, 13.575846394981726, 13.566072451541041, 13.555627319005078, 13.54450934666697, 13.5327159274127, 13.520251942597666, 13.507112981351414, 13.493301298716842, 13.478815305168641, 13.463654704195916, 13.447824508916884, 13.4313179778109, 13.414139846807256, 13.39628900472833, 13.377764777240573, 13.3585682274633, 13.338697846962283, 13.318153471175476, 13.296936077139822, 13.275046835773983, 13.252484432911858, 13.229248424092923, 13.205339901133902, 13.180759469784592, 13.155505794876333, 13.129579099169584, 13.10298041761673, 13.075709031574632, 13.047764586719575, 13.019147687696963, 12.989859332007214, 12.959897896953274, 12.929264334636388, 12.897958485069214, 12.865980367582502, 12.833330190964398, 12.801577404526753]}